{"yolo_confidence":{"0":0.8693161011,"1":0.868680656,"2":0.8661746979,"3":0.8641916513,"4":0.8558082581,"5":0.8556290865,"6":0.8472649455,"7":0.8469762206,"8":0.8463428617,"9":0.8430031538,"10":0.8428761959,"11":0.8371939659,"12":0.8367676139,"13":0.836133182,"14":0.8340838552,"15":0.8310384154,"16":0.8309539557,"17":0.8296473026,"18":0.8281573653,"19":0.8246273994,"20":0.8244302869,"21":0.8229939938,"22":0.8224076629,"23":0.8218333125,"24":0.821683526,"25":0.8205519319,"26":0.8201664686,"27":0.8189589381,"28":0.8170728683,"29":0.8121935725,"30":0.8104982972,"31":0.8097221851,"32":0.8093422651,"33":0.8085026741,"34":0.8057145476,"35":0.8044441938,"36":0.8030861616,"37":0.8021995425,"38":0.8008029461,"39":0.7991309166,"40":0.7985344529,"41":0.7977862358,"42":0.7973070741,"43":0.7968600392,"44":0.7929275632,"45":0.7888683081,"46":0.7880035043,"47":0.7870456576,"48":0.7863675356,"49":0.7841341496,"50":0.7822612524,"51":0.7813543677,"52":0.7780089974,"53":0.7771526575,"54":0.7743819356,"55":0.7733261585,"56":0.7721816897,"57":0.770324409,"58":0.7692628503,"59":0.7680498958,"60":0.7649517059,"61":0.753772676,"62":0.7516869307,"63":0.7454307079,"64":0.7278617024,"65":0.7082416415,"66":0.6913522482,"67":0.6896772385,"68":0.680634737,"69":0.6630357504,"70":0.6616104841,"71":0.6568990946,"72":0.5520680547,"73":0.5479856133,"74":0.5249548554},"width":{"0":144,"1":144,"2":157,"3":166,"4":138,"5":152,"6":133,"7":135,"8":154,"9":141,"10":139,"11":139,"12":149,"13":167,"14":118,"15":136,"16":152,"17":127,"18":138,"19":137,"20":106,"21":139,"22":114,"23":146,"24":117,"25":110,"26":137,"27":163,"28":118,"29":128,"30":146,"31":165,"32":151,"33":142,"34":143,"35":119,"36":155,"37":123,"38":128,"39":129,"40":107,"41":177,"42":137,"43":167,"44":99,"45":143,"46":155,"47":161,"48":123,"49":126,"50":148,"51":123,"52":119,"53":125,"54":101,"55":125,"56":180,"57":145,"58":131,"59":103,"60":142,"61":94,"62":166,"63":163,"64":125,"65":129,"66":113,"67":168,"68":137,"69":144,"70":113,"71":133,"72":140,"73":121,"74":121},"height":{"0":177,"1":187,"2":205,"3":198,"4":184,"5":190,"6":182,"7":193,"8":177,"9":184,"10":189,"11":175,"12":188,"13":198,"14":171,"15":171,"16":178,"17":180,"18":189,"19":179,"20":178,"21":184,"22":165,"23":196,"24":195,"25":162,"26":176,"27":201,"28":168,"29":182,"30":163,"31":206,"32":184,"33":208,"34":192,"35":184,"36":174,"37":170,"38":183,"39":168,"40":163,"41":209,"42":155,"43":177,"44":153,"45":198,"46":208,"47":221,"48":166,"49":156,"50":199,"51":163,"52":149,"53":166,"54":166,"55":183,"56":191,"57":216,"58":167,"59":171,"60":240,"61":164,"62":189,"63":210,"64":177,"65":194,"66":177,"67":179,"68":202,"69":172,"70":176,"71":195,"72":178,"73":154,"74":158},"xc":{"0":1428,"1":793,"2":664,"3":1082,"4":1246,"5":531,"6":944,"7":1300,"8":408,"9":1419,"10":450,"11":845,"12":1232,"13":416,"14":1585,"15":1102,"16":1303,"17":904,"18":1057,"19":939,"20":845,"21":326,"22":410,"23":1544,"24":1655,"25":1568,"26":514,"27":1171,"28":1345,"29":818,"30":1737,"31":1715,"32":277,"33":215,"34":456,"35":1167,"36":994,"37":1764,"38":1476,"39":1349,"40":1378,"41":563,"42":280,"43":1587,"44":1475,"45":333,"46":671,"47":1001,"48":629,"49":1579,"50":1746,"51":1781,"52":316,"53":1446,"54":995,"55":741,"56":1581,"57":916,"58":1466,"59":723,"60":798,"61":1258,"62":853,"63":588,"64":1130,"65":1852,"66":1657,"67":1160,"68":577,"69":1260,"70":1036,"71":1357,"72":728,"73":1848,"74":1861},"yc":{"0":978,"1":425,"2":434,"3":205,"4":1188,"5":429,"6":215,"7":777,"8":427,"9":774,"10":617,"11":800,"12":402,"13":1008,"14":1188,"15":406,"16":984,"17":429,"18":602,"19":615,"20":219,"21":612,"22":223,"23":777,"24":776,"25":196,"26":243,"27":785,"28":406,"29":628,"30":963,"31":1171,"32":427,"33":804,"34":796,"35":596,"36":1012,"37":781,"38":1193,"39":587,"40":200,"41":996,"42":992,"43":387,"44":199,"45":808,"46":1209,"47":772,"48":238,"49":583,"50":385,"51":583,"52":218,"53":401,"54":413,"55":225,"56":980,"57":1209,"58":580,"59":626,"60":1192,"61":589,"62":1004,"63":794,"64":1199,"65":1162,"66":190,"67":998,"68":624,"69":191,"70":1204,"71":1190,"72":803,"73":966,"74":399}}