{"xc":{"0":188,"1":140,"2":97,"3":62,"4":159,"5":116,"6":82,"7":43,"8":165,"9":126,"10":85,"11":37,"12":143,"13":127,"14":117,"15":83,"16":78,"17":47,"18":25},"yc":{"0":232,"1":232,"2":233,"3":233,"4":177,"5":179,"6":177,"7":173,"8":124,"9":122,"10":125,"11":124,"12":69,"13":19,"14":68,"15":69,"16":21,"17":62,"18":25},"width":{"0":51,"1":52,"2":40,"3":46,"4":50,"5":43,"6":42,"7":46,"8":49,"9":42,"10":40,"11":55,"12":34,"13":53,"14":36,"15":39,"16":53,"17":46,"18":40},"height":{"0":51,"1":48,"2":38,"3":41,"4":45,"5":41,"6":37,"7":42,"8":48,"9":45,"10":42,"11":46,"12":39,"13":39,"14":42,"15":43,"16":41,"17":41,"18":40},"xmin":{"0":162,"1":114,"2":77,"3":38,"4":134,"5":95,"6":61,"7":20,"8":140,"9":105,"10":65,"11":10,"12":126,"13":100,"14":99,"15":64,"16":51,"17":23,"18":170},"xmax":{"0":214,"1":166,"2":117,"3":85,"4":185,"5":138,"6":103,"7":66,"8":190,"9":148,"10":106,"11":65,"12":161,"13":154,"14":135,"15":103,"16":105,"17":70,"18":65},"ymin":{"0":206,"1":208,"2":213,"3":212,"4":154,"5":159,"6":158,"7":152,"8":99,"9":100,"10":103,"11":100,"12":49,"13":0,"14":47,"15":47,"16":0,"17":41,"18":38},"ymax":{"0":258,"1":257,"2":252,"3":253,"4":200,"5":200,"6":196,"7":194,"8":148,"9":145,"10":146,"11":147,"12":88,"13":39,"14":89,"15":91,"16":42,"17":83,"18":65},"yolo_conf":{"0":0.6765263081,"1":0.7690322399,"2":0.799285531,"3":0.6878753304,"4":0.8393186927,"5":0.8218764067,"6":0.7241230607,"7":0.7376975417,"8":0.3255264461,"9":0.8340975642,"10":0.7864090204,"11":0.7893539071,"12":0.3379092515,"13":0.5492824316,"14":0.6978635192,"15":0.5075694323,"16":0.5205124617,"17":0.3679899573,"18":1.0},"line":{"0":0,"1":0,"2":0,"3":0,"4":1,"5":1,"6":1,"7":1,"8":2,"9":2,"10":2,"11":2,"12":3,"13":3,"14":3,"15":3,"16":3,"17":3,"18":3},"line_pos":{"0":0,"1":1,"2":2,"3":3,"4":0,"5":1,"6":2,"7":3,"8":0,"9":1,"10":2,"11":3,"12":0,"13":1,"14":2,"15":3,"16":4,"17":5,"18":6}}