{"yolo_confidence":{"0":0.8233068585,"1":0.7482826114,"2":0.6852838397,"3":0.6834214926,"4":0.6642603278,"5":0.65579772,"6":0.593254745,"7":0.5799512267},"width":{"0":52,"1":42,"2":48,"3":40,"4":43,"5":33,"6":50,"7":40},"height":{"0":44,"1":46,"2":52,"3":34,"4":40,"5":34,"6":39,"7":42},"xc":{"0":61,"1":83,"2":135,"3":72,"4":104,"5":99,"6":121,"7":52},"yc":{"0":68,"1":111,"2":26,"3":27,"4":69,"5":26,"6":109,"7":109}}