{"xmin":{"0":134,"1":105,"2":95,"3":77,"4":10,"5":65,"6":114,"7":20,"8":61,"9":99,"10":38,"11":162,"12":100,"13":51,"14":64,"15":23,"16":126,"17":140},"ymin":{"0":154,"1":100,"2":159,"3":213,"4":100,"5":103,"6":208,"7":152,"8":158,"9":47,"10":212,"11":206,"12":0,"13":0,"14":47,"15":41,"16":49,"17":99},"xmax":{"0":185,"1":148,"2":138,"3":117,"4":65,"5":106,"6":166,"7":66,"8":103,"9":135,"10":85,"11":214,"12":154,"13":105,"14":103,"15":70,"16":161,"17":190},"ymax":{"0":200,"1":145,"2":200,"3":252,"4":147,"5":146,"6":257,"7":194,"8":196,"9":89,"10":253,"11":258,"12":39,"13":42,"14":91,"15":83,"16":88,"17":148},"yolo_confidence":{"0":0.8393186927,"1":0.8340975642,"2":0.8218764067,"3":0.799285531,"4":0.7893539071,"5":0.7864090204,"6":0.7690322399,"7":0.7376975417,"8":0.7241230607,"9":0.6978635192,"10":0.6878753304,"11":0.6765263081,"12":0.5492824316,"13":0.5205124617,"14":0.5075694323,"15":0.3679899573,"16":0.3379092515,"17":0.3255264461},"width":{"0":50,"1":42,"2":43,"3":40,"4":55,"5":40,"6":52,"7":46,"8":42,"9":36,"10":46,"11":51,"12":53,"13":53,"14":39,"15":46,"16":34,"17":49},"height":{"0":45,"1":45,"2":41,"3":38,"4":46,"5":42,"6":48,"7":42,"8":37,"9":42,"10":41,"11":51,"12":39,"13":41,"14":43,"15":41,"16":39,"17":48},"xc":{"0":159,"1":126,"2":116,"3":97,"4":37,"5":85,"6":140,"7":43,"8":82,"9":117,"10":62,"11":188,"12":127,"13":78,"14":83,"15":47,"16":143,"17":165},"yc":{"0":177,"1":122,"2":179,"3":233,"4":124,"5":125,"6":232,"7":173,"8":177,"9":68,"10":233,"11":232,"12":19,"13":21,"14":69,"15":62,"16":69,"17":124}}